"Time","kWh"
2022-10-10 18:18:55,0.00
2022-10-10 18:28:27,0.00
2022-10-10 18:40:01,0.00
2022-10-10 18:52:09,0.00
2022-10-10 19:01:14,0.00
2022-10-10 19:16:50,0.00
2022-10-10 19:21:01,0.00
2022-10-10 19:53:42,0.00
2022-10-11 15:14:43,0.05
2022-10-11 15:15:13,0.39
2022-10-11 15:15:43,0.73
2022-10-11 15:16:13,1.06
2022-10-11 15:16:43,1.39
2022-10-11 15:17:12,1.64
2022-10-11 15:17:43,1.76
2022-10-11 15:18:12,1.83
2022-10-11 15:18:42,1.98
2022-10-11 15:19:12,2.00
2022-10-11 15:19:42,2.13
2022-10-11 15:20:13,2.24
2022-10-11 15:20:42,2.26
2022-10-11 15:21:13,2.33
2022-10-11 15:21:43,2.44
2022-10-11 15:22:13,2.45
2022-10-11 15:23:13,2.46
2022-10-11 15:23:43,2.58
2022-10-11 15:24:12,2.89
2022-10-11 15:24:43,3.05
2022-10-11 15:25:42,3.30
2022-10-11 15:26:42,3.43
2022-10-11 15:27:13,3.47
2022-10-11 15:27:43,3.57
2022-10-11 15:28:13,3.66
2022-10-11 15:28:43,3.69
2022-10-11 15:29:13,3.82
2022-10-11 15:30:13,3.94
2022-10-11 15:30:42,3.95
2022-10-11 15:31:12,4.06
2022-10-11 15:31:42,4.07
2022-10-11 15:32:12,4.18
2022-10-11 15:33:13,4.31
2022-10-11 15:34:13,4.43
2022-10-11 15:35:13,4.54
2022-10-11 15:35:42,4.57
2022-10-11 15:36:13,4.65
2022-10-11 15:36:43,4.73
2022-10-11 15:37:12,4.75
2022-10-11 15:37:43,4.87
2022-10-11 15:38:42,4.98
2022-10-11 15:39:12,5.02
2022-10-11 15:40:12,5.03
2022-10-11 15:40:42,5.11
2022-10-11 17:07:13,5.39
2022-10-11 17:07:43,5.73
2022-10-11 17:08:13,6.04
2022-10-11 17:08:43,6.05
2022-10-11 17:09:13,6.35
2022-10-11 17:09:43,6.69
2022-10-11 17:10:13,6.80
2022-10-11 17:10:43,7.01
2022-10-11 17:11:13,7.20
2022-10-11 17:11:43,7.22
2022-10-11 17:12:13,7.38
2022-10-11 17:13:13,7.52
2022-10-11 17:13:43,7.60
2022-10-11 17:14:13,7.65
2022-10-11 17:14:43,7.80
2022-10-11 17:15:13,7.81
2022-10-11 17:15:43,7.93
2022-10-11 17:16:13,7.96
2022-10-11 17:16:43,8.06
2022-10-11 17:17:13,8.17
2022-10-11 17:17:43,8.18
2022-10-11 17:18:13,8.30
2022-10-11 17:19:13,8.43
2022-10-11 17:20:13,8.53
2022-10-11 17:20:43,8.60
2022-10-11 17:21:13,8.62
2022-10-11 17:30:13,8.76
2022-10-11 17:30:43,8.95
2022-10-11 17:31:43,8.96
2022-10-11 17:32:13,9.00
2022-10-11 17:32:43,9.03
2022-10-11 17:33:13,9.04
2022-10-11 17:33:43,9.11
2022-10-11 17:34:43,9.14
2022-10-11 17:35:13,9.19
2022-10-11 17:36:13,9.25
2022-10-11 17:36:43,9.26
2022-10-11 17:37:43,9.33
2022-10-11 17:38:13,9.34
2022-10-11 17:39:13,9.38
2022-10-11 17:39:43,9.41
2022-10-11 17:40:43,9.42
2022-10-11 17:41:13,9.48
2022-10-11 17:41:43,9.49
2022-10-11 17:42:43,9.55
2022-10-11 17:43:13,9.56
2022-10-11 17:44:13,9.60
2022-10-11 17:44:43,9.63
2022-10-11 17:45:43,9.64
2022-10-11 17:46:13,9.70
2022-10-11 17:47:13,9.71
2022-10-11 17:47:43,9.77
2022-10-11 17:49:43,9.83
2022-10-11 17:50:13,9.84
2022-10-11 17:51:13,9.90
2022-10-11 17:51:43,9.91
2022-10-11 17:52:43,9.97
2022-10-11 17:53:13,9.98
2022-10-11 17:54:43,10.04
2022-10-11 17:55:43,10.05
2022-10-11 17:56:13,10.12
2022-10-11 17:57:43,10.13
2022-10-11 17:58:13,10.19
2022-10-11 17:58:43,10.20
2022-10-11 17:59:43,10.23
2022-10-11 18:00:13,10.27
2022-10-11 18:01:13,10.28
2022-10-11 18:01:43,10.34
2022-10-11 18:02:43,10.35
2022-10-11 18:03:13,10.40
2022-10-11 18:04:13,10.41
2022-10-11 18:04:43,10.47
2022-10-11 18:06:13,10.48
2022-10-11 18:06:43,10.54
2022-10-11 18:08:13,10.58
2022-10-11 18:08:43,10.61
2022-10-11 18:10:13,10.68
2022-10-11 18:11:43,10.74
2022-10-11 18:12:43,10.75
2022-10-11 18:13:13,10.79
2022-10-11 18:13:43,10.81
2022-10-11 18:14:13,10.82
2022-10-11 18:15:13,10.88
2022-10-11 18:16:13,10.89
2022-10-11 18:16:43,10.94
2022-10-11 18:17:13,10.96
2022-10-11 18:18:13,11.15
2022-10-11 18:19:43,11.16
2022-10-11 18:20:43,11.17
2022-10-11 18:21:43,11.23
2022-10-11 18:22:13,11.24
2022-10-11 18:23:13,11.25
2022-10-11 18:23:43,11.31
2022-10-11 18:24:43,11.32
2022-10-11 18:25:13,11.38
2022-10-11 18:25:43,11.39
2022-10-11 18:27:13,11.45
2022-10-11 18:27:43,11.46
2022-10-11 18:28:43,11.47
2022-10-11 18:29:13,11.54
2022-10-11 18:32:13,11.55
2022-10-11 18:37:43,11.56
2022-10-11 18:43:13,11.57
2022-10-11 18:48:43,11.58
2022-10-11 18:53:43,11.59
2022-10-11 18:59:43,11.60
2022-10-11 19:01:13,11.75
2022-10-11 19:01:43,11.87
2022-10-11 19:02:43,11.88
2022-10-11 19:03:13,11.94
2022-10-11 19:03:43,12.01
2022-10-11 19:04:13,12.02
2022-10-11 19:05:13,12.09
2022-10-11 19:05:43,12.10
2022-10-11 19:06:13,12.16
2022-10-11 19:07:13,12.17
2022-10-11 19:07:43,12.23
2022-10-11 19:08:13,12.24
2022-10-11 19:09:13,12.25
2022-10-11 19:09:43,12.26
2022-10-11 19:10:13,12.31
2022-10-11 19:10:43,12.32
2022-10-11 19:11:43,12.37
2022-10-11 19:12:43,12.38
2022-10-11 19:13:43,12.39
2022-10-11 19:14:13,12.40
2022-10-11 19:14:43,12.45
2022-10-11 19:15:43,12.46
2022-10-11 19:16:43,12.47
2022-10-11 19:17:13,12.48
2022-10-11 19:18:13,12.53
2022-10-11 19:18:43,12.54
2022-10-11 19:19:43,12.55
2022-10-11 19:20:43,12.56
2022-10-11 19:22:13,12.61
2022-10-11 19:22:43,12.62
2022-10-11 19:23:43,12.63
2022-10-11 19:24:13,12.64
2022-10-11 19:25:13,12.65
2022-10-11 19:26:13,12.66
2022-10-11 19:27:13,12.67
2022-10-11 19:27:43,12.68
2022-10-11 19:28:43,12.69
2022-10-11 19:29:43,12.70
2022-10-11 19:31:43,12.71
2022-10-11 19:34:59,12.72
2022-10-11 19:38:56,12.73
2022-10-11 19:41:26,12.87
2022-10-11 19:41:56,12.88
2022-10-11 19:42:56,12.89
2022-10-11 19:43:56,12.90
2022-10-11 19:44:57,12.91
2022-10-11 19:45:26,12.92
2022-10-11 19:46:26,12.93
2022-10-11 19:47:56,12.94
2022-10-11 19:54:26,12.95
2022-10-11 20:00:26,12.96
2022-10-11 20:05:56,12.97
2022-10-11 20:11:56,12.98
2022-10-14 19:17:20,12.98
2022-10-18 12:58:28,12.98
2022-10-21 11:38:05,13.03
2022-10-21 11:38:35,13.36
2022-10-21 11:39:05,13.71
2022-10-21 11:39:35,14.03
2022-10-21 11:40:05,14.35
2022-10-21 11:40:35,14.60
2022-10-21 11:41:05,14.94
2022-10-21 11:41:35,15.27
2022-10-21 11:42:05,15.61
2022-10-21 11:42:35,15.73
2022-10-21 11:43:35,15.74
2022-10-21 11:46:34,15.75
2022-10-23 20:31:38,15.75
2022-10-27 10:00:48,15.81
2022-10-27 10:01:18,15.82
2022-10-27 10:01:48,15.85
2022-10-27 10:02:18,16.19
2022-10-27 10:02:48,16.52
2022-10-27 10:03:18,16.85
2022-10-27 10:03:48,17.19
2022-10-27 10:04:18,17.30
2022-10-27 10:04:48,17.52
2022-10-27 10:05:18,17.57
2022-10-27 10:05:48,17.68
2022-10-27 10:06:18,17.85
2022-10-27 10:06:48,17.89
2022-10-27 10:07:18,17.95
2022-10-27 10:07:48,18.08
2022-10-27 10:08:18,18.09
2022-10-27 10:08:48,18.21
2022-10-27 10:09:18,18.26
2022-10-27 10:09:48,18.33
2022-10-27 10:10:18,18.46
2022-10-27 10:11:18,18.54
2022-10-27 10:11:48,18.57
2022-10-27 10:12:18,18.65
2022-10-27 10:13:18,18.78
2022-10-27 10:14:18,18.92
2022-10-27 10:15:18,18.95
2022-10-27 10:15:48,19.00
2022-10-27 10:16:18,19.08
2022-10-27 10:17:18,19.19
2022-10-27 10:17:48,19.20
2022-10-27 10:18:18,19.32
2022-10-27 10:19:48,19.40
2022-10-27 10:20:18,19.41
2022-10-27 10:20:48,19.48
2022-10-27 10:21:18,19.55
2022-10-27 10:22:18,19.64
2022-10-27 10:22:48,19.65
2022-10-27 10:23:18,19.75
2022-10-27 10:24:18,19.82
2022-10-27 10:24:48,19.83
2022-10-27 10:25:18,19.94
2022-10-27 10:25:48,19.95
2022-10-27 10:26:18,19.96
2022-10-27 10:26:48,20.05
2022-10-27 10:27:48,20.13
2022-10-27 10:28:48,20.20
2022-10-27 10:29:18,20.21
2022-10-27 10:29:48,20.29
2022-10-27 10:30:48,20.39
2022-10-27 10:31:48,20.40
2022-10-27 10:33:48,20.44
2022-10-27 10:34:18,20.66
2022-10-27 10:34:48,20.75
2022-10-27 10:35:18,21.09
2022-10-27 10:35:48,21.18
2022-10-27 10:36:18,21.35
2022-10-27 10:36:48,21.53
2022-10-27 10:37:18,21.57
2022-10-27 10:37:48,21.71
2022-10-27 10:38:18,21.87
2022-10-27 10:38:48,21.92
2022-10-27 10:39:18,22.05
2022-10-27 10:39:48,22.21
2022-10-27 10:40:18,22.23
2022-10-27 10:40:48,22.37
2022-10-27 10:41:18,22.52
2022-10-27 10:41:48,22.53
2022-10-27 10:42:48,22.54
2022-10-27 10:43:18,22.85
2022-10-27 10:43:48,22.86
2022-10-27 10:44:18,23.00
2022-10-27 10:44:48,23.04
2022-10-27 10:45:18,23.14
2022-10-27 10:45:48,23.21
2022-10-27 10:46:18,23.28
2022-10-27 10:46:48,23.41
2022-10-27 10:47:18,23.43
2022-10-27 10:47:48,23.54
2022-10-27 10:48:18,23.64
2022-10-27 10:48:48,23.67
2022-10-27 10:49:18,23.76
2022-10-27 10:49:48,23.78
2022-10-27 10:50:18,23.88
2022-10-27 10:50:48,24.01
2022-10-27 10:51:48,24.12
2022-10-27 10:52:18,24.18
2022-10-27 10:52:48,24.25
2022-10-27 10:53:18,24.32
2022-10-27 10:53:48,24.33
2022-10-27 10:54:18,24.44
2022-10-27 10:54:48,24.57
2022-10-27 10:55:18,24.58
2022-10-27 10:55:48,24.68
2022-10-27 10:56:18,24.69
2022-10-27 10:56:48,24.80
2022-10-27 10:57:18,24.86
2022-10-27 10:57:48,24.87
2022-10-27 10:58:18,24.98
2022-10-27 10:58:48,25.10
2022-10-27 10:59:18,25.11
2022-10-27 10:59:48,25.21
2022-10-27 11:00:18,25.22
2022-10-27 11:00:48,25.32
2022-10-27 11:01:18,25.34
2022-10-27 11:01:48,25.39
2022-10-27 11:02:18,25.50
2022-10-27 11:02:48,25.54
2022-10-27 11:03:18,25.62
2022-10-27 11:03:48,25.66
2022-10-27 11:04:18,25.74
2022-10-27 11:04:48,25.82
2022-10-27 11:05:18,25.84
2022-10-27 11:05:48,25.91
2022-10-27 11:06:18,25.94
2022-10-27 11:06:48,26.09
2022-10-27 11:07:48,26.16
2022-10-27 11:08:18,26.22
2022-10-27 11:08:48,26.26
2022-10-27 11:09:18,26.35
2022-10-27 11:09:48,26.36
2022-10-27 11:10:18,26.45
2022-10-27 11:10:48,26.49
2022-10-27 11:11:18,26.56
2022-10-27 11:11:48,26.61
2022-10-27 11:12:18,26.65
2022-10-27 11:12:48,26.76
2022-10-27 11:13:18,26.77
2022-10-27 11:13:48,26.89
2022-10-27 11:14:18,26.90
2022-10-27 11:14:48,26.99
2022-10-27 11:15:18,27.05
2022-10-27 11:15:48,27.11
2022-10-27 11:16:18,27.12
2022-10-27 11:16:48,27.20
2022-10-27 11:17:18,27.23
2022-10-27 11:17:48,27.29
2022-10-27 11:18:18,27.33
2022-10-27 11:18:48,27.38
2022-10-27 11:19:18,27.50
2022-10-27 11:20:18,27.59
2022-10-27 11:21:18,27.69
2022-10-27 11:21:48,27.71
2022-10-27 11:22:18,27.76
2022-10-27 11:22:48,27.84
2022-10-27 11:23:18,27.86
2022-10-27 11:23:48,27.97
2022-10-27 11:24:48,28.06
2022-10-27 11:25:48,28.16
2022-10-27 11:26:48,28.25
2022-10-27 11:27:18,28.30
2022-10-27 11:27:48,28.36
2022-10-27 11:28:18,28.39
2022-10-27 11:28:48,28.42
2022-10-27 11:29:18,28.50
2022-10-27 11:29:48,28.54
2022-10-27 11:30:18,28.59
2022-10-27 11:30:48,28.63
2022-10-27 11:31:18,28.68
2022-10-27 11:31:48,28.79
2022-10-27 11:32:18,28.81
2022-10-27 11:32:48,28.86
2022-10-27 11:33:18,28.89
2022-10-27 11:33:48,28.97
2022-10-27 11:34:48,29.06
2022-10-27 11:35:48,29.16
2022-10-27 11:36:18,29.17
2022-10-27 11:36:48,29.23
2022-10-27 11:40:48,29.24
2022-10-27 11:46:18,29.25
2022-10-27 15:37:49,29.52
2022-10-27 15:38:19,29.86
2022-10-27 15:38:49,30.20
2022-10-27 15:39:19,30.53
2022-10-27 15:39:49,30.62
2022-10-27 15:40:19,30.78
2022-10-27 15:40:49,30.91
2022-10-27 15:41:49,31.05
2022-10-27 15:42:19,31.06
2022-10-27 15:42:49,31.10
2022-10-27 15:43:19,31.27
2022-10-27 15:43:48,31.28
2022-10-27 15:44:19,31.33
2022-10-27 15:44:49,31.37
2022-10-27 15:45:18,31.43
2022-10-27 15:45:49,31.45
2022-10-27 15:46:18,31.46
2022-10-27 15:46:48,31.53
2022-10-27 15:47:18,31.66
2022-10-27 15:47:48,31.67
2022-10-27 15:48:48,31.68
2022-10-27 15:49:18,31.75
2022-10-27 15:50:18,31.76
2022-10-27 15:50:48,31.82
2022-10-27 15:51:48,31.83
2022-10-27 15:52:19,31.89
2022-10-27 15:52:48,31.90
2022-10-27 15:53:18,31.91
2022-10-27 15:53:49,31.97
2022-10-27 15:54:48,31.98
2022-10-27 15:56:19,32.30
2022-10-27 15:56:48,32.35
2022-10-27 15:57:49,32.46
2022-10-27 15:58:49,32.54
2022-10-27 15:59:19,32.55
2022-10-27 15:59:48,32.62
2022-10-27 16:00:48,32.70
2022-10-27 16:02:18,32.93
2022-10-27 16:03:18,32.94
2022-10-27 16:04:18,33.01
2022-10-27 16:05:18,33.09
2022-10-27 16:06:18,33.12
2022-10-27 16:06:49,33.17
2022-10-27 16:07:19,33.24
2022-10-27 16:07:49,33.31
2022-10-27 16:11:49,33.32
2022-10-27 16:16:49,33.33
2022-10-27 16:17:19,33.43
2022-10-27 16:17:49,33.77
2022-10-27 16:18:19,34.06
2022-10-27 16:18:49,34.08
2022-10-27 16:19:19,34.20
2022-10-27 16:19:49,34.26
2022-10-27 16:20:19,34.32
2022-10-27 16:20:49,34.42
2022-10-27 16:21:19,34.43
2022-10-27 16:21:49,34.47
2022-10-27 16:22:19,34.51
2022-10-27 16:22:49,34.59
2022-10-27 16:23:49,34.67
2022-10-27 16:24:19,34.68
2022-10-27 16:24:49,34.73
2022-10-27 16:25:19,34.76
2022-10-27 16:26:19,34.83
2022-10-27 16:26:49,34.84
2022-10-27 16:27:19,34.90
2022-10-27 16:27:49,34.91
2022-10-27 16:28:19,34.98
2022-10-27 16:28:49,34.99
2022-10-27 16:29:49,35.06
2022-10-27 16:30:49,35.12
2022-10-27 16:31:48,35.13
2022-10-27 16:32:18,35.19
2022-10-27 16:32:48,35.22
2022-10-27 16:33:48,35.23
2022-10-27 16:34:48,35.24
2022-10-27 16:35:48,35.31
2022-10-27 16:37:18,35.32
2022-10-27 16:37:48,35.38
2022-10-27 16:38:48,35.39
2022-10-27 16:39:18,35.54
2022-10-27 16:39:49,35.55
2022-10-27 16:40:49,35.56
2022-10-27 16:42:19,35.63
2022-10-27 16:43:19,35.64
2022-10-27 16:43:49,35.66
2022-10-27 16:44:19,35.70
2022-10-27 16:44:49,35.71
2022-10-27 18:20:49,35.72
2022-10-27 18:21:19,35.74
2022-10-27 18:21:49,36.07
2022-10-27 18:22:19,36.41
2022-10-27 18:22:49,36.74
2022-10-27 18:23:19,37.07
2022-10-27 18:23:49,37.30
2022-10-27 18:24:19,37.64
2022-10-27 18:24:49,37.83
2022-10-27 18:25:19,37.97
2022-10-27 18:25:49,38.13
2022-10-27 18:26:19,38.30
2022-10-27 18:26:49,38.34
2022-10-27 18:27:19,38.54
2022-10-27 18:27:49,38.55
2022-10-27 18:28:49,38.56
2022-10-27 18:30:19,38.57
2022-10-27 18:31:19,38.58
2022-10-27 18:32:19,38.59
2022-10-27 18:33:19,38.60
2022-10-27 18:34:19,38.61
2022-10-27 18:35:19,38.62
2022-10-27 18:36:19,38.63
2022-10-27 18:37:19,38.64
2022-10-27 18:38:19,38.65
2022-10-27 18:39:19,38.66
2022-10-27 18:40:19,38.67
2022-10-27 18:41:19,38.68
2022-10-27 18:42:19,38.69
2022-10-27 18:43:19,38.70
2022-10-27 18:44:19,38.71
2022-10-27 18:45:19,38.72
2022-10-27 18:46:19,38.73
2022-10-27 18:47:19,38.74
2022-10-27 18:48:49,38.75
2022-10-27 18:49:19,38.76
2022-10-27 18:50:49,38.77
2022-10-27 18:51:19,38.78
2022-10-27 18:52:49,38.79
2022-10-27 18:53:49,38.80
2022-10-27 18:54:49,38.81
2022-10-27 18:55:49,38.82
2022-10-27 18:56:49,38.83
2022-10-27 18:57:49,38.84
2022-10-27 18:58:49,38.85
2022-10-27 18:59:49,38.86
2022-10-27 19:00:49,38.87
2022-10-27 19:01:49,38.88
2022-10-27 19:02:49,38.89
2022-10-27 19:03:49,38.90
2022-10-27 19:04:49,38.91
2022-10-27 19:05:49,38.92
2022-10-27 19:06:49,38.93
2022-10-27 19:07:49,38.94
2022-10-27 19:08:49,38.95
2022-10-27 19:09:49,38.96
2022-10-27 19:10:49,38.97
2022-10-27 19:11:49,38.98
2022-10-27 19:12:49,38.99
2022-10-27 19:13:49,39.00
2022-10-27 19:14:49,39.01
2022-10-27 19:15:49,39.02
2022-10-27 19:16:19,39.03
2022-10-27 19:17:49,39.04
2022-10-27 19:18:49,39.05
2022-10-27 19:19:19,39.06
2022-10-27 19:20:49,39.07
2022-10-27 19:21:19,39.08
2022-10-27 19:22:19,39.09
2022-10-27 19:23:19,39.10
2022-10-27 19:24:19,39.11
2022-10-27 19:25:19,39.12
2022-10-27 19:26:19,39.13
2022-10-27 19:27:19,39.14
2022-10-27 19:29:49,39.15
2022-10-27 19:32:49,39.16
2022-10-27 19:34:19,39.17
2022-10-27 19:35:49,39.18
2022-10-27 19:36:49,39.19
2022-10-27 19:39:49,39.20
2022-10-27 19:41:19,39.21
2022-10-27 19:41:49,39.22
2022-10-27 19:42:49,39.23
2022-10-27 19:43:49,39.24
2022-10-27 19:44:19,39.25
2022-10-27 19:45:19,39.26
2022-10-27 19:45:49,39.27
2022-10-27 19:46:49,39.28
2022-10-27 19:47:19,39.29
2022-10-27 19:48:19,39.30
2022-10-27 19:48:49,39.31
2022-10-27 19:49:49,39.32
2022-10-27 19:50:19,39.33
2022-10-27 19:51:19,39.34
2022-10-27 19:52:19,39.35
2022-10-27 19:52:49,39.36
2022-10-27 19:53:49,39.37
2022-10-27 19:54:19,39.38
2022-10-27 19:55:19,39.39
2022-10-27 19:56:19,39.40
2022-10-27 19:58:19,39.41
2022-10-27 19:58:49,39.42
2022-10-27 19:59:49,39.43
2022-10-27 20:00:19,39.44
2022-10-27 20:01:19,39.45
2022-10-27 20:02:19,39.46
2022-10-27 20:03:49,39.47
2022-10-27 20:04:19,39.48
2022-10-27 20:05:19,39.49
2022-10-27 20:05:49,39.50
2022-10-27 20:06:49,39.51
2022-10-27 20:09:19,39.53
2022-10-27 20:10:49,39.54
2022-10-27 20:11:19,39.68
2022-10-27 20:11:49,40.02
2022-10-27 20:12:19,40.36
2022-10-27 20:12:49,40.70
2022-10-27 20:13:19,40.93
2022-10-27 20:13:49,41.27
2022-10-27 20:14:19,41.40
2022-10-27 20:14:49,41.58
2022-10-27 20:15:19,41.92
2022-10-27 20:15:49,42.20
2022-10-27 20:16:19,42.26
2022-10-27 20:16:49,42.43
2022-10-27 20:17:19,42.44
2022-10-27 20:17:49,42.62
2022-10-27 20:18:49,42.71
2022-10-27 20:19:49,42.76
2022-10-27 20:24:49,42.77
2022-10-27 20:29:49,42.78
2022-10-27 20:38:49,42.79
2022-10-27 20:46:49,42.80
2022-10-27 20:53:49,42.81
2022-10-27 21:02:49,42.82
2022-10-27 21:10:19,42.83
2022-10-27 21:19:19,42.84
2022-10-27 21:26:49,42.85
2022-10-27 21:35:49,42.86
2022-10-27 21:42:49,42.87
2022-10-27 21:50:49,42.88
2022-10-27 21:59:50,42.89
2022-10-27 22:07:19,42.90
2022-10-27 22:15:49,42.91
2022-10-27 22:23:19,42.92
2022-10-27 22:31:49,42.93
2022-10-27 22:39:19,42.94
2022-10-27 22:47:49,42.95
2022-10-27 22:55:20,42.96
2022-10-27 23:03:19,42.97
2022-10-27 23:12:20,42.98
2022-10-27 23:19:20,42.99
2022-10-27 23:28:20,43.00
2022-10-27 23:35:20,43.01
2022-10-27 23:43:50,43.02
2022-10-27 23:51:20,43.03
2022-10-27 23:59:50,43.04
2022-10-28 00:07:50,43.05
2022-10-28 00:15:20,43.06
2022-10-28 00:23:50,43.07
2022-10-28 00:30:50,43.08
2022-10-28 00:39:50,43.09
2022-10-28 00:46:50,43.10
2022-10-28 00:55:20,43.11
2022-10-28 01:02:20,43.12
2022-10-28 01:11:20,43.13
2022-10-28 01:19:20,43.14
2022-10-28 01:26:20,43.15
2022-10-28 01:34:50,43.16
2022-10-28 01:41:50,43.17
2022-10-28 01:50:50,43.18
2022-10-28 01:57:50,43.19
2022-10-28 02:06:20,43.20
2022-10-28 02:13:50,43.21
2022-10-28 02:21:50,43.22
2022-10-28 02:30:20,43.23
2022-10-28 02:37:20,43.24
2022-10-28 02:46:20,43.25
2022-10-28 02:53:20,43.26
2022-10-28 03:01:50,43.27
2022-10-28 03:09:20,43.28
2022-10-28 03:17:50,43.29
2022-10-28 03:25:50,43.30
2022-10-28 03:32:50,43.31
2022-10-28 03:41:50,43.32
2022-10-28 03:48:51,43.33
2022-10-28 03:57:20,43.34
2022-10-28 04:04:50,43.35
2022-10-28 04:13:20,43.36
2022-10-28 04:20:20,43.37
2022-10-28 04:28:20,43.38
2022-10-28 04:36:51,43.39
2022-10-28 04:44:20,43.40
2022-10-28 04:52:51,43.41
2022-10-28 04:59:50,43.42
2022-10-28 05:08:50,43.43
2022-10-28 05:15:50,43.44
2022-10-28 05:24:51,43.45
2022-10-28 05:31:50,43.46
2022-10-28 05:39:50,43.47
2022-10-28 05:48:20,43.48
2022-10-28 05:55:51,43.49
2022-10-28 06:04:20,43.50
2022-10-28 06:11:51,43.51
2022-10-28 06:20:21,43.52
2022-10-28 06:27:51,43.53
2022-10-28 06:36:21,43.54
2022-10-28 06:44:21,43.55
2022-10-28 06:51:51,43.56
2022-10-28 07:00:51,43.57
2022-10-28 07:07:51,43.58
2022-10-28 07:16:51,43.59
2022-10-28 07:23:51,43.60
2022-10-28 07:32:51,43.61
2022-10-28 07:39:51,43.62
2022-10-28 07:48:51,43.63
2022-10-28 07:56:21,43.64
2022-10-28 08:03:51,43.65
2022-10-28 08:12:21,43.66
2022-10-28 08:19:21,43.67
2022-10-28 08:28:21,43.68
2022-10-28 08:35:21,43.69
2022-10-28 08:43:51,43.70
2022-10-28 08:51:21,43.71
2022-10-28 08:59:21,43.72
2022-10-28 09:07:51,43.73
2022-10-28 09:14:51,43.74
2022-10-28 09:23:51,43.75
2022-10-28 09:30:51,43.76
2022-10-28 09:39:21,43.77
2022-10-28 09:46:21,43.78
2022-10-28 09:54:51,43.79
2022-10-28 10:02:51,43.80
2022-10-28 10:09:51,43.81
2022-10-28 10:18:51,43.82
2022-10-28 10:25:51,43.83
2022-10-28 10:34:21,43.84
2022-10-28 10:41:21,43.85
2022-10-28 10:50:21,43.86
2022-10-28 10:57:21,43.87
2022-10-28 11:04:51,43.88
2022-10-28 11:10:51,43.89
2022-10-28 11:16:21,43.90
2022-10-28 11:22:51,43.91
2022-10-28 11:27:52,43.92
2022-10-29 12:12:55,43.94
2022-10-29 12:13:25,44.28
2022-10-29 12:13:55,44.63
2022-10-29 12:14:25,44.97
2022-10-29 12:14:55,45.08
2022-10-29 12:15:25,45.26
2022-10-29 12:15:55,45.27
2022-10-29 12:16:25,45.41
2022-10-29 12:16:55,45.42
2022-10-29 12:17:25,45.53
2022-10-29 12:18:25,45.62
2022-10-29 12:19:25,45.73
2022-10-29 12:19:55,45.85
2022-10-29 12:20:25,46.19
2022-10-29 12:20:55,46.49
2022-10-29 12:21:25,46.65
2022-10-29 12:21:55,46.69
2022-10-29 12:22:25,46.87
2022-10-29 12:22:55,47.03
2022-10-29 12:23:25,47.04
2022-10-29 12:23:55,47.18
2022-10-29 12:24:25,47.33
2022-10-29 12:24:55,47.34
2022-10-29 12:25:25,47.48
2022-10-29 12:25:55,47.51
2022-10-29 12:26:25,47.62
2022-10-29 12:26:55,47.71
2022-10-29 12:27:25,47.80
2022-10-29 12:27:55,47.85
2022-10-29 12:28:25,47.97
2022-10-29 12:29:25,48.09
2022-10-29 12:29:55,48.10
2022-10-29 12:36:25,48.11
2022-10-29 12:41:25,48.12
2022-10-29 12:47:25,48.21
2022-10-29 12:47:55,48.56
2022-10-29 12:48:25,48.90
2022-10-29 12:48:55,49.24
2022-10-29 12:49:25,49.58
2022-10-29 12:49:55,49.73
2022-10-29 12:50:25,49.86
2022-10-29 12:50:55,50.05
2022-10-29 12:51:25,50.23
2022-10-29 12:51:55,50.25
2022-10-29 12:52:25,50.40
2022-10-29 12:52:55,50.49
2022-10-29 12:53:25,50.55
2022-10-29 12:53:55,50.68
2022-10-29 12:54:25,50.83
2022-10-29 12:54:55,50.84
2022-10-29 12:55:25,50.98
2022-10-29 12:56:25,51.11
2022-10-29 12:56:55,51.23
2022-10-29 12:57:25,51.24
2022-10-29 12:57:55,51.35
2022-10-29 12:58:25,51.37
2022-10-29 12:58:55,51.45
2022-10-29 12:59:25,51.46
2022-10-29 12:59:55,51.56
2022-10-29 13:00:25,51.57
2022-10-29 13:02:55,51.83
2022-10-29 13:03:25,52.17
2022-10-29 13:03:55,52.51
2022-10-29 13:04:25,52.67
2022-10-29 13:04:55,52.85
2022-10-29 13:05:25,52.92
2022-10-29 13:05:55,52.96
2022-10-29 13:06:25,53.11
2022-10-29 13:06:55,53.27
2022-10-29 13:07:25,53.31
2022-10-29 13:07:55,53.43
2022-10-29 13:08:25,53.57
2022-10-29 13:10:25,53.58
2022-10-29 13:16:25,53.59
2022-10-29 13:21:25,53.60
2022-10-29 13:27:55,53.61
2022-10-29 13:33:55,53.62
2022-10-30 16:52:34,53.62
2022-10-31 13:15:19,53.69
2022-10-31 13:15:49,53.81
2022-10-31 13:16:19,54.15
2022-10-31 13:16:50,54.49
2022-10-31 13:17:19,54.83
2022-10-31 13:17:49,55.14
2022-10-31 13:18:19,55.22
2022-10-31 13:18:49,55.32
2022-10-31 13:19:19,55.46
2022-10-31 13:19:49,55.49
2022-10-31 13:20:19,55.63
2022-10-31 13:21:19,55.76
2022-10-31 13:21:49,55.78
2022-10-31 13:22:19,55.89
2022-10-31 13:22:49,55.93
2022-10-31 13:23:19,55.94
2022-10-31 13:23:49,56.04
2022-10-31 13:24:19,56.05
2022-10-31 13:24:49,56.15
2022-10-31 13:25:19,56.16
2022-10-31 13:25:49,56.23
2022-10-31 13:26:19,56.25
2022-10-31 13:26:49,56.33
2022-10-31 13:27:19,56.34
2022-10-31 13:28:19,56.41
2022-10-31 13:28:49,56.43
2022-10-31 13:29:19,56.51
2022-10-31 13:30:19,56.59
2022-10-31 13:30:49,56.60
2022-10-31 13:31:49,56.64
2022-10-31 13:32:19,56.75
2022-10-31 13:32:49,56.76
2022-10-31 13:33:50,56.77
2022-10-31 13:34:49,56.78
2022-10-31 13:35:49,56.82
2022-10-31 13:36:19,56.84
2022-10-31 13:36:49,56.85
2022-10-31 13:37:49,56.91
2022-10-31 13:38:19,56.92
2022-10-31 13:39:19,56.99
2022-10-31 13:40:19,57.00
2022-10-31 13:40:49,57.01
2022-10-31 13:41:19,57.06
2022-10-31 13:41:49,57.07
2022-10-31 13:42:49,57.13
2022-10-31 13:43:19,57.14
2022-10-31 13:43:49,57.17
2022-10-31 13:44:20,57.21
2022-10-31 13:45:19,57.22
2022-10-31 13:45:49,57.28
2022-10-31 13:46:49,57.29
2022-10-31 13:47:19,57.36
2022-10-31 13:48:19,57.37
2022-10-31 13:49:19,57.43
2022-10-31 13:50:19,57.44
2022-10-31 13:50:49,57.50
2022-10-31 13:51:49,57.51
2022-11-01 19:26:24,57.76
2022-11-01 19:26:54,58.09
2022-11-01 19:27:24,58.42
2022-11-01 19:27:54,58.75
2022-11-01 19:28:24,58.98
2022-11-01 19:28:54,59.32
2022-11-01 19:29:24,59.65
2022-11-01 19:29:54,59.99
2022-11-01 19:30:24,60.23
2022-11-01 19:30:54,60.50
2022-11-01 19:31:24,60.83
2022-11-01 19:31:54,61.17
2022-11-01 19:32:24,61.50
2022-11-01 19:32:54,61.72
2022-11-01 19:33:24,61.93
2022-11-01 19:33:54,62.10
2022-11-01 19:34:24,62.27
2022-11-01 19:34:54,62.44
2022-11-01 19:35:24,62.60
2022-11-01 19:35:54,62.78
2022-11-01 19:36:24,62.95
2022-11-01 19:36:54,63.15
2022-11-01 19:37:24,63.32
2022-11-01 19:37:54,63.49
2022-11-01 19:38:24,63.65
2022-11-01 19:38:54,63.82
2022-11-01 19:39:24,63.99
2022-11-01 19:39:54,64.12
2022-11-01 19:40:24,64.19
2022-11-01 19:40:54,64.34
2022-11-01 19:41:24,64.36
2022-11-01 19:41:54,64.39
2022-11-01 19:42:24,64.41
2022-11-01 19:43:54,64.42
2022-11-01 19:50:54,64.43
2022-11-01 21:40:12,64.43
2022-11-01 21:57:39,64.43
2022-11-02 18:40:17,64.43
2022-11-02 18:42:53,64.43
2022-11-02 18:45:30,64.43
2022-11-02 18:49:06,64.43
2022-11-02 18:56:11,64.43
2022-11-02 18:58:22,64.43
2022-11-02 18:59:58,64.43
2022-11-02 19:01:34,64.43
2022-11-02 19:07:09,64.43
2022-11-07 17:44:41,64.43
2022-11-08 20:28:06,64.43
2022-11-12 17:32:45,64.43
2022-11-12 17:42:21,64.43
2022-11-19 21:39:32,64.43
2022-11-24 17:06:16,64.69
2022-11-24 17:06:46,65.04
2022-11-24 17:07:16,65.38
2022-11-24 17:07:46,65.72
2022-11-24 17:08:16,65.83
2022-11-24 17:08:46,65.98
2022-11-24 17:09:16,66.13
2022-11-24 17:09:46,66.14
2022-11-24 17:10:16,66.32
2022-11-24 17:10:46,66.33
2022-11-24 17:11:16,66.52
2022-11-24 17:12:16,66.65
2022-11-24 17:12:46,66.78
2022-11-24 17:13:16,66.79
2022-11-24 17:13:46,66.86
2022-11-24 17:14:16,66.91
2022-11-24 17:14:46,66.94
2022-11-24 17:15:16,67.02
2022-11-24 17:15:46,67.12
2022-11-24 17:16:16,67.13
2022-11-24 17:16:46,67.27
2022-11-24 17:17:46,67.35
2022-11-24 17:18:16,67.37
2022-11-24 17:18:46,67.42
2022-11-24 17:19:16,67.46
2022-11-24 17:19:46,67.53
2022-11-24 17:22:16,67.54
2022-11-24 17:23:16,67.55
2022-11-24 17:24:46,67.56
2022-11-24 17:27:46,67.57
2022-11-24 17:32:46,67.58
2022-11-24 17:37:16,67.59
2022-11-24 17:38:46,67.60
2022-11-24 17:39:16,67.61
2022-11-24 17:40:16,67.62
2022-11-29 15:43:34,67.91
2022-11-29 15:44:04,68.25
2022-11-29 15:44:34,68.59
2022-11-29 15:45:04,68.92
2022-11-29 15:45:34,68.99
2022-11-29 15:46:04,69.10
2022-11-29 15:46:34,69.23
2022-11-29 15:47:04,69.29
2022-11-29 15:47:34,69.38
2022-11-29 15:48:04,69.40
2022-11-29 15:48:34,69.51
2022-11-29 15:49:04,69.62
2022-11-29 15:50:04,69.72
2022-11-29 15:50:34,69.73
2022-11-29 15:51:04,69.83
2022-11-29 15:52:04,69.88
2022-11-29 15:52:34,69.89
2022-11-30 13:24:08,69.90
2022-11-30 13:25:08,69.98
2022-11-30 13:25:38,70.32
2022-11-30 13:26:08,70.66
2022-11-30 13:26:38,70.86
2022-11-30 13:27:08,71.15
2022-11-30 13:27:38,71.48
2022-11-30 13:28:08,71.53
2022-11-30 13:28:38,71.71
2022-11-30 13:29:08,71.75
2022-11-30 13:30:08,71.83
2022-11-30 13:30:38,72.12
2022-11-30 13:31:08,72.19
2022-11-30 13:31:38,72.29
2022-11-30 13:32:08,72.44
2022-11-30 13:32:38,72.60
2022-11-30 13:33:08,72.63
2022-11-30 13:33:38,72.73
2022-11-30 13:34:08,72.84
2022-11-30 13:34:38,72.85
2022-11-30 13:35:08,72.99
2022-11-30 13:35:38,73.02
2022-11-30 13:36:08,73.14
2022-11-30 13:36:38,73.27
2022-11-30 13:37:08,73.28
2022-11-30 13:37:38,73.38
2022-11-30 13:38:08,73.44
2022-11-30 13:38:38,73.45
2022-11-30 13:39:08,73.57
2022-12-02 11:36:46,73.88
2022-12-02 11:37:16,74.05
2022-12-02 11:37:46,74.33
2022-12-02 11:38:16,74.67
2022-12-02 11:38:46,75.01
2022-12-02 11:39:16,75.16
2022-12-02 11:39:46,75.32
2022-12-02 11:40:16,75.33
2022-12-02 11:40:46,75.47
2022-12-02 11:41:16,75.50
2022-12-02 11:41:46,75.76
2022-12-02 11:42:16,75.87
2022-12-02 11:42:46,75.93
2022-12-02 11:43:16,76.01
2022-12-02 11:43:46,76.11
2022-12-02 11:44:16,76.22
2022-12-02 11:44:46,76.23
2022-12-02 11:45:16,76.35
2022-12-02 11:45:46,76.36
2022-12-02 11:46:16,76.45
2022-12-02 11:47:16,76.53
2022-12-02 11:47:46,76.58
2022-12-02 11:48:16,76.61
2022-12-02 11:48:46,76.70
2022-12-02 11:49:16,76.78
2022-12-02 11:49:46,76.84
2022-12-02 11:50:46,76.88
2022-12-02 11:51:16,76.91
2022-12-02 11:55:16,76.92
2022-12-02 12:01:46,76.93
2022-12-02 12:08:46,76.94
2022-12-02 12:13:46,77.24
2022-12-02 12:14:16,77.57
2022-12-02 12:14:46,77.59
2022-12-02 12:15:16,77.70
2022-12-02 12:15:46,77.77
2022-12-02 12:16:16,77.88
2022-12-02 12:16:46,77.89
2022-12-02 12:17:16,78.01
2022-12-02 12:18:16,78.10
2022-12-02 12:18:46,78.12
2022-12-02 12:19:16,78.20
2022-12-02 12:19:46,78.24
2022-12-02 12:20:16,78.28
2022-12-02 12:20:46,78.35
2022-12-02 12:21:16,78.36
2022-12-02 12:21:46,78.44
2022-12-02 12:22:46,78.53
2022-12-02 12:23:16,78.56
2022-12-02 12:23:46,78.78
2022-12-02 12:24:16,78.79
2022-12-02 12:24:46,78.88
2022-12-02 12:25:46,78.97
2022-12-02 12:26:46,79.05
2022-12-02 12:27:16,79.14
2022-12-02 12:28:46,79.42
2022-12-02 12:29:46,79.51
2022-12-02 12:30:16,79.57
2022-12-02 12:30:46,79.64
2022-12-02 12:31:16,79.74
2022-12-02 12:31:46,79.75
2022-12-02 12:32:16,79.85
2022-12-02 12:32:46,79.98
2022-12-02 12:33:16,79.99
2022-12-02 12:33:46,80.17
2022-12-02 12:34:16,80.18
2022-12-02 12:34:46,80.31
2022-12-02 12:35:16,80.35
2022-12-02 12:35:46,80.43
2022-12-02 12:36:16,80.50
2022-12-02 12:36:46,80.61
2022-12-02 12:37:16,80.64
2022-12-02 12:37:46,80.72
2022-12-02 12:38:16,80.82
2022-12-02 12:39:16,81.00
2022-12-02 12:39:46,81.01
2022-12-02 12:40:16,81.05
2022-12-02 12:40:46,81.10
2022-12-02 12:41:16,81.23
2022-12-02 12:41:46,81.26
2022-12-02 12:42:16,81.27
2022-12-02 12:42:46,81.35
2022-12-02 12:43:16,81.38
2022-12-02 12:43:46,81.44
2022-12-02 12:44:16,81.49
2022-12-02 12:44:46,81.53
2022-12-02 12:45:16,81.63
2022-12-02 12:46:16,81.69
2022-12-02 12:46:46,81.70
2022-12-02 12:47:16,81.77
2022-12-02 12:47:46,81.81
2022-12-02 12:48:16,81.86
2022-12-02 12:48:46,81.88
2022-12-02 12:49:16,81.93
2022-12-02 12:49:46,81.98
2022-12-02 12:50:16,82.10
2022-12-02 12:50:46,82.11
2022-12-02 12:51:46,82.18
2022-12-02 12:52:16,82.19
2022-12-02 12:52:46,82.25
2022-12-02 12:53:16,82.26
2022-12-02 12:53:46,82.33
2022-12-02 12:54:16,82.34
2022-12-02 12:54:46,82.41
2022-12-02 12:55:16,82.42
2022-12-02 12:55:46,82.49
2022-12-02 12:56:46,82.50
2022-12-02 12:57:16,82.56
2022-12-02 12:57:46,82.62
2022-12-02 12:58:16,82.64
2022-12-02 12:58:46,82.70
2022-12-02 12:59:16,82.72
2022-12-02 13:00:16,82.79
2022-12-02 13:01:16,82.87
2022-12-02 13:02:16,82.95
2022-12-02 13:03:16,83.02
2022-12-02 13:03:46,83.03
2022-12-02 13:04:16,83.04
2022-12-02 13:04:46,83.10
2022-12-02 13:05:46,83.19
2022-12-02 13:06:46,83.26
2022-12-02 13:07:16,83.27
2022-12-02 13:07:46,83.28
2022-12-02 13:08:16,83.34
2022-12-02 13:08:46,83.35
2022-12-02 13:09:16,83.41
2022-12-02 13:09:46,83.42
2022-12-02 13:15:16,83.43
2022-12-02 13:16:16,83.72
2022-12-02 13:16:46,84.06
2022-12-02 13:17:16,84.41
2022-12-02 13:17:46,84.68
2022-12-02 13:18:46,84.88
2022-12-02 13:19:16,84.99
2022-12-02 13:19:46,85.05
2022-12-02 13:20:16,85.13
2022-12-02 13:20:46,85.28
2022-12-02 13:21:16,85.44
2022-12-02 13:21:46,85.55
2022-12-02 13:22:16,85.59
2022-12-02 13:22:46,85.70
2022-12-02 13:23:16,85.74
2022-12-02 13:23:46,85.89
2022-12-02 13:24:16,85.91
2022-12-02 13:24:46,86.03
2022-12-02 13:25:16,86.15
2022-12-02 13:25:46,86.17
2022-12-02 13:26:16,86.25
2022-12-02 13:26:46,86.36
2022-12-02 13:27:16,86.39
2022-12-02 13:27:46,86.51
2022-12-02 13:28:16,86.52
2022-12-02 13:28:46,86.64
2022-12-02 13:29:16,86.78
2022-12-02 13:29:46,86.79
2022-12-02 13:30:16,86.89
2022-12-02 13:30:46,87.00
2022-12-02 13:31:16,87.01
2022-12-02 13:31:46,87.13
2022-12-02 13:32:16,87.23
2022-12-02 13:32:46,87.24
2022-12-02 13:33:16,87.37
2022-12-02 13:33:46,87.48
2022-12-02 13:34:16,87.50
2022-12-02 13:34:46,87.59
2022-12-02 13:35:16,87.61
2022-12-02 13:35:46,87.73
2022-12-02 13:36:16,87.81
2022-12-02 13:36:46,87.82
2022-12-02 13:37:16,87.95
2022-12-02 13:37:46,88.02
2022-12-02 13:38:16,88.07
2022-12-02 13:38:46,88.11
2022-12-02 13:39:16,88.19
2022-12-02 13:39:46,88.30
2022-12-02 13:40:16,88.31
2022-12-02 13:40:46,88.37
2022-12-02 13:41:16,88.49
2022-12-02 13:41:46,88.61
2022-12-02 13:42:46,88.66
2022-12-02 13:43:16,88.77
2022-12-02 13:44:16,88.89
2022-12-02 13:44:46,88.95
2022-12-02 13:45:16,89.00
2022-12-02 13:45:46,89.15
2022-12-02 13:46:46,89.26
2022-12-02 13:47:46,89.39
2022-12-02 13:48:16,89.40
2022-12-02 13:48:46,89.54
2022-12-02 13:49:46,89.71
2022-12-02 13:50:46,89.82
2022-12-02 13:51:16,89.83
2022-12-02 13:51:46,89.95
2022-12-02 13:52:46,90.09
2022-12-02 13:53:16,90.10
2022-12-02 13:53:46,90.25
2022-12-02 13:54:16,90.26
2022-12-02 13:54:46,90.38
2022-12-02 13:55:16,90.39
2022-12-02 13:55:46,90.50
2022-12-02 13:57:46,90.67
2022-12-02 13:58:16,91.00
2022-12-02 13:58:46,91.27
2022-12-02 13:59:16,91.38
2022-12-02 13:59:46,91.50
2022-12-02 14:00:19,91.68
2022-12-02 14:00:46,91.86
2022-12-02 14:01:46,92.05
2022-12-02 14:02:46,92.21
2022-12-02 14:03:16,92.36
2022-12-02 14:03:46,92.43
2022-12-02 14:04:16,92.58
2022-12-02 14:04:46,92.75
2022-12-02 14:05:16,92.76
2022-12-02 14:05:46,92.86
2022-12-02 14:06:16,92.93
2022-12-02 14:06:46,93.10
2022-12-02 14:07:16,93.13
2022-12-02 14:10:46,93.14
2022-12-02 14:16:16,93.26
2022-12-02 14:16:46,93.43
2022-12-02 14:19:46,93.60
2022-12-02 14:20:16,93.93
2022-12-02 14:20:46,94.27
2022-12-02 14:21:16,94.59
2022-12-02 14:22:16,94.77
2022-12-02 14:22:46,94.96
2022-12-02 14:23:16,95.01
2022-12-02 14:23:46,95.13
2022-12-02 14:24:16,95.29
2022-12-02 14:24:46,95.31
2022-12-02 14:25:16,95.42
2022-12-02 14:25:46,95.55
2022-12-02 14:26:16,95.56
2022-12-02 14:26:46,95.71
2022-12-02 14:27:46,95.84
2022-12-02 14:28:46,95.90
2022-12-02 14:29:16,95.97
2022-12-02 14:29:46,96.26
2022-12-02 14:30:16,96.28
2022-12-02 14:30:46,96.32
2022-12-02 14:31:16,96.45
2022-12-02 14:31:46,96.48
2022-12-02 14:32:16,96.58
2022-12-02 14:32:46,96.69
2022-12-02 14:33:16,96.80
2022-12-02 14:33:46,96.84
2022-12-02 14:34:16,96.98
2022-12-02 14:35:16,97.10
2022-12-02 14:36:16,97.22
2022-12-02 14:36:46,97.32
2022-12-02 14:38:16,97.57
2022-12-02 14:38:46,97.90
2022-12-02 14:39:16,97.98
2022-12-02 14:39:46,98.11
2022-12-02 14:40:16,98.30
2022-12-02 14:40:46,98.43
2022-12-02 14:41:16,98.53
2022-12-02 14:41:46,98.66
2022-12-02 14:42:16,98.78
2022-12-02 14:42:46,98.92
2022-12-02 14:43:16,99.09
2022-12-02 14:43:46,99.11
2022-12-02 14:44:16,99.28
2022-12-02 14:44:46,99.42
2022-12-02 14:49:16,99.43
2022-12-02 14:55:46,99.44
2022-12-02 15:01:16,99.45
2022-12-02 15:06:16,99.46
2022-12-02 15:13:16,99.47
2022-12-02 15:19:16,99.48
2022-12-02 15:24:46,99.49
2022-12-02 15:30:46,99.50
2022-12-02 15:37:46,99.51
2022-12-02 15:43:46,99.52
2022-12-03 14:57:20,99.55
2022-12-03 14:57:50,99.90
2022-12-03 14:58:20,100.25
2022-12-03 14:58:50,100.59
2022-12-03 14:59:20,100.67
2022-12-03 14:59:50,100.75
2022-12-03 15:00:21,100.91
2022-12-03 15:00:50,100.92
2022-12-03 15:01:20,101.07
2022-12-03 15:01:50,101.11
2022-12-03 15:02:20,101.20
2022-12-03 15:02:51,101.29
2022-12-03 15:03:21,101.39
2022-12-03 15:03:50,101.41
2022-12-03 15:04:20,101.52
2022-12-03 15:05:20,101.61
2022-12-03 15:05:50,101.62
2022-12-03 15:06:21,101.72
2022-12-03 15:06:50,101.75
2022-12-03 15:07:20,101.81
2022-12-03 15:07:51,101.92
2022-12-03 15:08:20,101.93
2022-12-03 15:08:51,101.99
2022-12-03 15:09:50,102.09
2022-12-03 15:10:21,102.10
2022-12-03 15:10:50,102.22
2022-12-03 15:11:21,102.23
2022-12-03 15:11:50,102.24
2022-12-03 15:12:20,102.31
2022-12-03 15:12:50,102.37
2022-12-03 15:13:50,102.45
2022-12-03 15:14:50,102.57
2022-12-03 15:15:20,102.58
2022-12-03 15:16:20,102.66
2022-12-03 15:17:20,102.74
2022-12-03 15:18:20,102.81
2022-12-03 15:18:51,102.82
2022-12-03 15:19:20,102.89
2022-12-03 15:19:50,102.90
2022-12-03 15:20:20,102.97
2022-12-03 15:20:51,102.98
2022-12-03 15:21:21,102.99
2022-12-03 15:21:50,103.06
2022-12-03 15:22:50,103.13
2022-12-03 15:23:21,103.14
2022-12-03 15:23:51,103.21
2022-12-03 15:24:20,103.22
2022-12-03 15:24:51,103.29
2022-12-03 15:25:20,103.30
2022-12-03 15:25:51,103.35
2022-12-03 15:26:20,103.38
2022-12-03 15:27:21,103.49
2022-12-03 15:27:50,103.50
2022-12-03 15:28:21,103.54
2022-12-03 15:28:50,103.57
2022-12-03 15:29:20,103.58
2022-12-03 15:29:50,103.65
2022-12-03 15:30:50,103.67
2022-12-03 15:31:21,103.74
2022-12-03 15:31:50,103.75
2022-12-03 15:32:21,103.83
2022-12-03 15:33:20,103.84
2022-12-03 15:33:51,103.91
2022-12-03 15:34:20,103.92
2022-12-03 15:34:51,103.98
2022-12-03 15:35:20,103.99
2022-12-03 15:35:50,104.01
2022-12-03 15:36:21,104.06
2022-12-03 15:36:51,104.09
2022-12-03 15:37:21,104.14
2022-12-03 15:38:21,104.20
2022-12-03 15:38:50,104.22
2022-12-03 15:39:21,104.27
2022-12-03 15:39:50,104.28
2022-12-03 15:40:20,104.31
2022-12-03 15:40:51,104.37
2022-12-03 15:41:51,104.44
2022-12-03 15:42:21,104.45
2022-12-03 15:43:21,104.53
2022-12-03 15:44:21,104.57
2022-12-03 15:44:51,104.61
2022-12-03 15:45:21,104.62
2022-12-03 15:45:51,104.67
2022-12-03 15:46:21,104.68
2022-12-03 15:46:51,104.74
2022-12-03 15:47:21,104.75
2022-12-03 15:47:51,104.76
2022-12-03 15:48:21,104.82
2022-12-03 15:48:51,104.83
2022-12-03 15:49:21,104.89
2022-12-03 15:49:51,104.90
2022-12-03 15:50:21,104.95
2022-12-03 15:50:51,104.97
2022-12-03 15:51:51,105.06
2022-12-03 15:52:21,105.07
2022-12-03 15:52:51,105.10
2022-12-03 15:53:21,105.14
2022-12-03 15:54:21,105.21
2022-12-03 15:55:21,105.22
2022-12-03 15:55:51,105.32
2022-12-03 15:56:51,105.33
2022-12-03 15:57:21,105.39
2022-12-03 15:57:51,105.40
2022-12-03 15:58:51,105.48
2022-12-03 16:00:21,105.55
2022-12-03 16:01:21,105.62
2022-12-03 16:01:51,105.63
2022-12-03 16:02:51,105.70
2022-12-03 16:03:51,105.76
2022-12-03 16:04:21,105.77
2022-12-03 16:04:51,105.78
2022-12-03 16:05:21,105.84
2022-12-03 16:05:51,105.85
2022-12-03 16:06:21,105.89
2022-12-03 16:06:51,105.92
2022-12-03 16:07:21,105.93
2022-12-03 16:07:51,106.00
2022-12-03 16:08:21,106.01
2022-12-03 16:09:21,106.08
2022-12-03 16:10:21,106.09
2022-12-03 16:10:51,106.16
2022-12-03 16:11:51,106.20
2022-12-03 16:12:21,106.25
2022-12-03 16:12:51,106.26
2022-12-03 16:13:21,106.30
2022-12-03 16:13:51,106.33
2022-12-03 16:14:51,106.37
2022-12-03 16:15:21,106.41
2022-12-03 16:16:21,106.47
2022-12-03 16:16:51,106.48
2022-12-03 16:17:21,106.54
2022-12-03 16:17:51,106.55
2022-12-03 16:18:51,106.61
2022-12-03 16:19:21,106.62
2022-12-03 16:20:21,106.70
2022-12-03 16:20:51,106.71
2022-12-03 16:21:21,106.73
2022-12-03 16:21:51,106.78
2022-12-03 16:22:51,106.82
2022-12-03 16:23:21,106.85
2022-12-03 16:23:51,106.86
2022-12-03 16:24:21,106.94
2022-12-03 16:25:21,106.95
2022-12-03 16:25:51,107.01
2022-12-03 16:26:21,107.02
2022-12-03 16:27:21,107.09
2022-12-03 16:28:21,107.14
2022-12-03 16:28:51,107.15
2022-12-03 16:29:21,107.16
2022-12-03 16:29:51,107.23
2022-12-03 16:30:51,107.24
2022-12-03 16:31:21,107.30
2022-12-03 16:31:51,107.31
2022-12-03 16:32:21,107.37
2022-12-03 16:32:51,107.40
2022-12-03 16:33:51,107.41
2022-12-03 16:34:21,107.47
2022-12-03 16:34:51,107.48
2022-12-03 16:35:51,107.55
2022-12-03 16:36:51,107.59
2022-12-03 16:37:21,107.62
2022-12-03 16:38:21,107.69
2022-12-03 16:39:21,107.70
2022-12-03 16:44:21,107.71
2022-12-03 16:51:51,107.72
2022-12-03 16:58:21,107.73
2022-12-03 17:04:21,107.74
2022-12-03 17:10:21,108.07
2022-12-03 17:10:51,108.42
2022-12-03 17:11:21,108.76
2022-12-03 17:11:51,109.10
2022-12-03 17:12:21,109.44
2022-12-03 17:12:51,109.78
2022-12-03 17:13:21,109.89
2022-12-03 17:13:51,110.11
2022-12-03 17:14:21,110.24
2022-12-03 17:14:51,110.34
2022-12-03 17:15:21,110.58
2022-12-03 17:15:51,110.71
2022-12-03 17:16:21,110.78
2022-12-03 17:16:51,110.95
2022-12-03 17:17:21,111.06
2022-12-03 17:17:51,111.11
2022-12-03 17:18:21,111.24
2022-12-03 17:18:51,111.40
2022-12-03 17:19:21,111.48
2022-12-03 17:19:51,111.60
2022-12-03 17:20:21,111.65
2022-12-03 17:20:51,111.81
2022-12-03 17:21:21,111.91
2022-12-03 17:21:51,111.92
2022-12-03 17:22:21,112.11
2022-12-03 17:23:21,112.28
2022-12-03 17:23:51,112.33
2022-12-03 17:24:21,112.44
2022-12-03 17:24:51,112.60
2022-12-03 17:25:21,112.64
2022-12-03 17:25:51,112.65
2022-12-03 17:26:21,112.78
2022-12-03 17:26:51,112.93
2022-12-03 17:27:21,113.00
2022-12-03 17:27:51,113.06
2022-12-03 17:28:21,113.21
2022-12-03 17:28:51,113.25
2022-12-03 17:29:21,113.36
2022-12-03 17:30:21,113.37
2022-12-03 17:30:51,113.68
2022-12-03 17:31:21,113.71
2022-12-03 17:31:51,113.86
2022-12-03 17:32:21,113.89
2022-12-03 17:32:51,114.00
2022-12-03 17:33:21,114.07
2022-12-03 17:33:51,114.25
2022-12-03 17:34:21,114.33
2022-12-03 17:34:51,114.40
2022-12-03 17:35:21,114.54
2022-12-03 17:36:21,114.70
2022-12-03 17:37:21,114.84
2022-12-03 17:37:51,114.99
2022-12-03 17:38:21,115.01
2022-12-03 17:38:51,115.15
2022-12-03 17:39:21,115.19
2022-12-03 17:39:51,115.29
2022-12-03 17:40:21,115.38
2022-12-03 17:40:51,115.44
2022-12-03 17:41:21,115.51
2022-12-03 17:41:51,115.63
2022-12-03 17:42:21,115.70
2022-12-03 17:42:51,115.84
2022-12-03 17:43:21,115.85
2022-12-03 17:43:51,115.98
2022-12-03 17:44:21,116.04
2022-12-03 17:44:51,116.10
2022-12-03 17:45:21,116.29
2022-12-03 17:45:51,116.35
2022-12-03 17:46:21,116.44
2022-12-03 17:47:21,116.62
2022-12-03 17:47:51,116.63
2022-12-03 17:48:21,116.80
2022-12-03 17:48:51,116.85
2022-12-03 17:49:21,116.96
2022-12-03 17:49:51,117.10
2022-12-03 17:50:21,117.11
2022-12-03 17:50:51,117.12
2022-12-03 17:51:21,117.25
2022-12-03 17:51:51,117.29
2022-12-03 17:52:21,117.48
2022-12-03 17:52:51,117.50
2022-12-03 17:53:21,117.61
2022-12-03 17:53:51,117.73
2022-12-03 17:54:21,117.75
2022-12-03 17:54:51,117.88
2022-12-03 17:55:21,117.89
2022-12-03 17:55:51,117.99
2022-12-03 17:56:21,118.07
2022-12-03 17:56:51,118.16
2022-12-03 17:57:21,118.28
2022-12-03 17:59:21,118.29
2022-12-03 18:04:51,118.30
2022-12-03 18:09:21,118.31
2022-12-03 18:14:51,118.32
2022-12-03 18:20:51,118.33
2022-12-03 18:26:51,118.34
2022-12-03 18:31:51,118.35
2022-12-03 18:37:21,118.36
2022-12-03 18:43:51,118.37
2022-12-03 18:49:21,118.38
2022-12-03 18:55:21,118.39
2022-12-03 19:01:51,118.40
2022-12-03 19:08:21,118.41
2022-12-03 19:13:51,118.42
2022-12-03 19:19:51,118.43
2022-12-03 19:26:51,118.44
2022-12-03 19:32:51,118.45
2022-12-03 19:38:21,118.46
2022-12-03 19:45:21,118.47
2022-12-03 19:51:51,118.48
2022-12-03 19:55:51,118.63
2022-12-03 19:56:21,118.97
2022-12-03 19:56:51,119.30
2022-12-03 19:57:21,119.64
2022-12-03 19:57:51,119.97
2022-12-03 19:58:21,120.30
2022-12-03 19:58:51,120.58
2022-12-03 19:59:21,120.77
2022-12-03 19:59:51,120.89
2022-12-03 20:00:21,120.99
2022-12-03 20:00:51,121.11
2022-12-03 20:01:21,121.16
2022-12-03 20:01:51,121.32
2022-12-03 20:02:21,121.40
2022-12-03 20:02:51,121.50
2022-12-03 20:03:21,121.63
2022-12-03 20:03:51,121.65
2022-12-03 20:04:21,121.76
2022-12-03 20:04:51,121.78
2022-12-03 20:05:22,121.89
2022-12-03 20:05:51,121.92
2022-12-03 20:09:21,121.93
2022-12-03 20:16:21,121.94
2022-12-03 20:22:51,121.95
2022-12-03 20:28:51,121.96
2022-12-04 12:04:24,121.97
2022-12-04 12:10:54,121.98
2022-12-04 12:15:24,121.99
2022-12-04 12:15:54,122.14
2022-12-04 12:16:24,122.45
2022-12-04 12:16:54,122.79
2022-12-04 12:17:24,123.13
2022-12-04 12:17:54,123.35
2022-12-04 12:18:24,123.69
2022-12-04 12:18:54,124.02
2022-12-04 12:19:24,124.21
2022-12-04 12:19:54,124.54
2022-12-04 12:20:24,124.55
2022-12-04 12:20:54,124.56
2022-12-04 12:21:24,124.66
2022-12-04 12:21:54,124.75
2022-12-04 12:22:24,124.77
2022-12-04 12:22:54,124.78
2022-12-04 12:23:54,124.79
2022-12-04 12:24:54,124.80
2022-12-04 12:25:54,124.81
2022-12-04 12:26:24,124.82
2022-12-04 12:27:24,124.83
2022-12-04 12:28:24,124.84
2022-12-04 12:29:24,124.85
2022-12-04 12:30:24,124.86
2022-12-04 12:31:24,124.87
2022-12-04 12:31:54,124.88
2022-12-04 12:32:54,124.89
2022-12-04 12:33:54,124.90
2022-12-04 12:34:54,124.91
2022-12-04 12:35:54,124.92
2022-12-04 12:36:54,124.93
2022-12-04 12:37:54,124.94
2022-12-04 12:38:24,124.95
2022-12-04 12:39:24,124.96
2022-12-04 12:40:24,124.97
2022-12-04 12:41:24,124.98
2022-12-04 12:42:24,124.99
2022-12-04 12:43:24,125.00
2022-12-04 12:44:24,125.01
2022-12-04 12:45:24,125.02
2022-12-04 12:45:54,125.03
2022-12-04 12:46:54,125.04
2022-12-04 12:47:54,125.05
2022-12-04 12:48:54,125.06
2022-12-04 12:49:54,125.07
2022-12-04 12:50:54,125.08
2022-12-04 12:51:54,125.09
2022-12-04 12:52:24,125.10
2022-12-04 12:53:24,125.11
2022-12-04 12:54:24,125.12
2022-12-04 12:55:24,125.13
2022-12-04 12:56:24,125.14
2022-12-04 12:57:24,125.15
2022-12-04 12:58:24,125.16
2022-12-04 12:58:54,125.17
2022-12-04 12:59:54,125.18
2022-12-04 13:00:54,125.19
2022-12-04 13:01:54,125.20
2022-12-04 13:02:54,125.21
2022-12-04 13:03:54,125.22
2022-12-04 13:04:24,125.23
2022-12-04 13:05:24,125.24
2022-12-04 13:06:24,125.25
2022-12-04 13:07:24,125.26
2022-12-04 13:08:24,125.27
2022-12-04 13:08:54,125.28
2022-12-04 13:09:54,125.29
2022-12-04 13:10:54,125.30
2022-12-04 13:11:54,125.31
2022-12-04 13:12:54,125.32
2022-12-04 13:13:54,125.33
2022-12-04 13:14:24,125.34
2022-12-04 13:15:24,125.35
2022-12-04 13:16:24,125.36
2022-12-04 13:17:24,125.37
2022-12-04 13:18:24,125.38
2022-12-04 13:18:54,125.39
2022-12-04 13:19:54,125.40
2022-12-04 13:20:54,125.41
2022-12-04 13:21:54,125.42
2022-12-04 13:22:54,125.43
2022-12-04 13:23:54,125.44
2022-12-04 13:24:24,125.45
2022-12-04 13:25:24,125.46
2022-12-04 13:26:24,125.47
2022-12-04 13:27:24,125.48
2022-12-04 13:27:54,125.49
2022-12-04 13:28:54,125.50
2022-12-04 13:29:54,125.51
2022-12-04 13:30:54,125.52
2022-12-04 13:31:54,125.53
2022-12-04 13:32:24,125.54
2022-12-04 13:33:24,125.55
2022-12-04 13:34:24,125.56
2022-12-04 13:35:24,125.57
2022-12-04 13:36:24,125.58
2022-12-04 13:36:54,125.59
2022-12-04 13:37:54,125.60
2022-12-04 13:38:54,125.61
2022-12-04 13:39:54,125.62
2022-12-04 13:40:54,125.63
2022-12-04 13:41:24,125.64
2022-12-04 13:42:24,125.65
2022-12-04 13:43:24,125.66
2022-12-04 13:43:54,125.67
2022-12-04 13:44:54,125.68
2022-12-04 13:45:54,125.69
2022-12-04 13:46:54,125.70
2022-12-04 13:47:54,125.71
2022-12-04 13:48:24,125.72
2022-12-04 13:49:24,125.73
2022-12-04 13:50:24,125.74
2022-12-04 13:51:24,125.75
2022-12-04 13:52:24,125.76
2022-12-04 13:52:54,125.77
2022-12-04 13:53:54,125.78
2022-12-04 13:54:54,125.79
2022-12-04 13:55:54,125.80
2022-12-04 13:56:24,125.81
2022-12-04 13:57:24,125.82
2022-12-04 13:58:24,125.83
2022-12-04 13:59:24,125.84
2022-12-04 13:59:54,125.85
2022-12-04 14:00:54,125.86
2022-12-04 14:01:54,125.87
2022-12-04 14:02:54,125.88
2022-12-04 14:03:24,125.89
2022-12-04 14:04:24,125.90
2022-12-04 14:05:24,125.91
2022-12-04 14:06:24,125.92
2022-12-04 14:06:54,125.93
2022-12-04 14:07:54,125.94
2022-12-04 14:08:54,125.95
2022-12-04 14:09:54,125.96
2022-12-04 14:10:54,125.97
2022-12-04 14:11:25,125.98
2022-12-04 14:12:24,125.99
2022-12-04 14:13:24,126.00
2022-12-04 14:14:24,126.01
2022-12-04 14:14:54,126.02
2022-12-04 14:15:54,126.03
2022-12-04 14:16:54,126.04
2022-12-04 14:17:55,126.05
2022-12-04 14:18:24,126.06
2022-12-04 14:19:24,126.07
2022-12-04 14:20:24,126.08
2022-12-04 14:21:24,126.09
2022-12-04 14:21:54,126.10
2022-12-04 14:22:54,126.11
2022-12-04 14:23:54,126.12
2022-12-04 14:24:54,126.13
2022-12-04 14:25:24,126.14
2022-12-04 14:26:24,126.15
2022-12-04 14:27:24,126.16
2022-12-04 14:28:24,126.17
2022-12-04 14:28:54,126.18
2022-12-04 14:29:54,126.19
2022-12-04 14:30:54,126.20
2022-12-04 14:31:24,126.21
2022-12-04 14:32:24,126.22
2022-12-04 14:33:24,126.23
2022-12-04 14:34:24,126.24
2022-12-04 14:35:24,126.25
2022-12-04 14:35:54,126.26
2022-12-04 14:36:54,126.27
2022-12-04 14:37:54,126.28
2022-12-04 14:38:54,126.29
2022-12-04 14:40:54,126.30
2022-12-04 14:43:54,126.31
2022-12-04 14:45:24,126.32
2022-12-04 14:47:24,126.33
2022-12-04 14:47:54,126.34
2022-12-04 14:49:54,126.35
2022-12-04 14:52:54,126.36
2022-12-04 14:53:24,126.37
2022-12-04 14:53:54,126.38
2022-12-04 14:54:55,126.39
2022-12-04 14:55:24,126.40
2022-12-04 14:56:24,126.41
2022-12-04 14:56:55,126.42
2022-12-04 14:57:54,126.43
2022-12-04 14:58:24,126.44
2022-12-04 14:59:25,126.45
2022-12-04 14:59:54,126.46
2022-12-04 15:00:54,126.47
2022-12-04 15:01:24,126.48
2022-12-04 15:01:55,126.49
2022-12-04 15:02:54,126.50
2022-12-04 15:03:54,126.51
2022-12-04 15:04:24,126.52
2022-12-04 15:04:55,126.53
2022-12-04 15:05:54,126.54
2022-12-04 15:06:54,126.55
2022-12-04 15:07:24,126.56
2022-12-04 15:08:25,126.57
2022-12-04 15:09:55,126.58
2022-12-04 15:10:55,126.59
2022-12-04 15:11:25,126.60
2022-12-04 15:12:24,126.61
2022-12-04 15:13:25,126.62
2022-12-04 15:14:24,126.63
2022-12-04 15:15:24,126.64
2022-12-04 15:15:55,126.65
2022-12-04 15:16:55,126.66
2022-12-04 15:17:25,126.67
2022-12-04 15:18:24,126.68
2022-12-04 15:20:25,126.70
2022-12-04 15:21:55,126.71
2022-12-04 15:22:55,126.96
2022-12-04 15:23:25,127.30
2022-12-04 15:23:55,127.64
2022-12-04 15:24:25,127.98
2022-12-04 15:24:55,128.20
2022-12-04 15:25:25,128.54
2022-12-04 15:25:55,128.77
2022-12-04 15:26:25,128.84
2022-12-04 15:26:55,129.18
2022-12-04 15:27:25,129.50
2022-12-04 15:27:55,129.79
2022-12-04 15:28:25,129.89
2022-12-04 15:28:54,129.96
2022-12-04 15:29:24,130.12
2022-12-04 15:29:55,130.17
2022-12-04 15:30:25,130.28
2022-12-04 15:30:55,130.33
2022-12-04 15:31:25,130.41
2022-12-04 15:33:25,130.42
2022-12-04 15:37:55,130.43
2022-12-04 15:45:25,130.44
2022-12-04 15:52:25,130.45
2022-12-04 16:00:55,130.46
2022-12-04 16:09:55,130.47
2022-12-04 16:17:25,130.48
2022-12-04 16:25:25,130.49
2022-12-04 16:34:25,130.50
2022-12-04 16:41:55,130.51
2022-12-04 16:50:55,130.52
2022-12-04 16:59:25,130.53
2022-12-04 17:06:25,130.54
2022-12-04 17:15:25,130.55
2022-12-04 17:23:55,130.56
2022-12-04 17:30:55,130.57
2022-12-04 17:39:55,130.58
2022-12-04 17:47:25,130.59
2022-12-04 17:55:25,130.60
2022-12-04 18:04:25,130.61
2022-12-04 18:11:55,130.62
2022-12-04 18:20:55,130.63
2022-12-04 18:28:55,130.64
2022-12-04 18:35:55,130.65
2022-12-04 18:44:55,130.66
2022-12-04 18:52:55,130.67
2022-12-04 18:59:55,130.68
2022-12-04 19:08:55,130.69
2022-12-04 19:15:55,130.70
2022-12-04 19:23:55,130.71
2022-12-04 19:32:55,130.72
2022-12-04 19:39:55,130.73
2022-12-04 19:47:55,130.74
2022-12-04 19:56:55,130.75
2022-12-04 20:03:55,130.76
2022-12-04 20:12:55,130.77
2022-12-04 20:20:55,130.78
2022-12-04 20:27:55,130.79
2022-12-04 20:36:55,130.80
2022-12-04 20:44:55,130.81
2022-12-04 20:51:55,130.82
2022-12-04 21:00:26,130.83
2022-12-04 21:07:55,130.84
2022-12-04 21:15:56,130.85
2022-12-04 21:24:26,130.86
2022-12-04 21:31:56,130.87
2022-12-04 21:39:56,130.88
2022-12-04 21:48:26,130.89
2022-12-04 21:55:26,130.90
2022-12-04 22:04:26,130.91
2022-12-04 22:12:26,130.92
2022-12-04 22:19:26,130.93
2022-12-04 22:28:26,130.94
2022-12-04 22:35:26,130.95
2022-12-04 22:43:26,130.96
2022-12-04 22:52:26,130.97
2022-12-04 22:59:26,130.98
2022-12-04 23:07:26,130.99
2022-12-04 23:16:26,131.00
2022-12-04 23:23:26,131.01
2022-12-04 23:31:56,131.02
2022-12-04 23:39:56,131.03
2022-12-04 23:47:26,131.04
2022-12-04 23:55:56,131.05
2022-12-05 00:03:56,131.06
2022-12-05 00:10:56,131.07
2022-12-05 00:19:56,131.08
2022-12-05 00:26:56,131.09
2022-12-05 00:34:56,131.10
2022-12-05 00:43:26,131.11
2022-12-05 00:50:56,131.12
2022-12-05 00:59:26,131.13
2022-12-05 01:07:26,131.14
2022-12-05 01:14:26,131.15
2022-12-05 01:23:26,131.16
2022-12-05 01:30:56,131.17
2022-12-05 01:38:26,131.18
2022-12-05 01:46:56,131.19
2022-12-05 01:53:56,131.20
2022-12-05 02:01:56,131.21
2022-12-05 02:10:26,131.22
2022-12-05 02:17:56,131.23
2022-12-05 02:25:26,131.24
2022-12-05 02:34:26,131.25
2022-12-05 02:41:27,131.26
2022-12-05 02:49:56,131.27
2022-12-05 02:57:57,131.28
2022-12-05 03:04:57,131.29
2022-12-05 03:13:26,131.30
2022-12-05 03:21:27,131.31
2022-12-05 03:28:27,131.32
2022-12-05 03:37:27,131.33
2022-12-05 03:44:27,131.34
2022-12-05 03:51:57,131.35
2022-12-05 04:00:57,131.36
2022-12-05 04:07:57,131.37
2022-12-05 04:15:57,131.38
2022-12-05 04:24:27,131.39
2022-12-05 04:31:57,131.40
2022-12-05 04:40:27,131.41
2022-12-05 04:48:27,131.42
2022-12-05 04:55:27,131.43
2022-12-05 05:04:27,131.44
2022-12-05 05:11:27,131.45
2022-12-05 05:19:27,131.46
2022-12-05 05:27:57,131.47
2022-12-05 05:35:27,131.48
2022-12-05 05:43:27,131.49
2022-12-05 05:51:57,131.50
2022-12-05 05:59:27,131.51
2022-12-05 06:07:57,131.52
2022-12-05 06:16:27,131.53
2022-12-05 06:23:27,131.54
2022-12-05 06:32:27,131.55
2022-12-05 06:40:27,131.56
2022-12-05 06:47:27,131.57
2022-12-05 06:56:27,131.58
2022-12-05 07:03:27,131.59
2022-12-05 07:11:27,131.60
2022-12-05 07:19:57,131.61
2022-12-05 07:26:57,131.62
2022-12-05 07:35:57,131.63
2022-12-05 07:43:27,131.64
2022-12-05 07:50:57,131.65
2022-12-05 07:59:27,131.66
2022-12-05 08:07:27,131.67
2022-12-05 08:14:27,131.68
2022-12-05 08:23:28,131.69
2022-12-05 08:30:27,131.70
2022-12-05 08:38:27,131.71
2022-12-05 08:47:28,131.72
2022-12-05 08:54:27,131.73
2022-12-05 09:02:28,131.74
2022-12-05 09:10:58,131.75
2022-12-05 09:18:28,131.76
2022-12-05 09:26:58,131.77
2022-12-05 09:34:58,131.78
2022-12-05 09:41:58,131.79
2022-12-05 09:50:58,131.80
2022-12-05 09:58:58,131.81
2022-12-05 10:05:58,131.82
2022-12-05 10:14:58,131.83
2022-12-05 10:20:28,131.84
2022-12-05 21:31:17,131.84

